"sample_id","estimate_tumor","quantiseq_cd8","epic_caf","epic_bcells","rectangle_aggregated_B_cells","rectangle_aggregated_CAFs","rectangle_aggregated_Tumor_cells","rectangle_aggregated_Dendritic_cells","rectangle_aggregated_Endothelial_cells","rectangle_aggregated_Macrophages","rectangle_aggregated_Monocytes","rectangle_aggregated_NK_cells","rectangle_aggregated_PVL","rectangle_aggregated_T_cells"
"01BR042",0.714334746703837,0.013039716744286,0.0144474183363225,0.029102421153973,0.107413677068771,0.0156060736156024,0.661905576761867,0.00168605717172895,0.0209379443709371,0.126781778047435,0,3.09117411134283e-09,0.00612200578968863,0.058020601890971
"20BR005",0.622827478421588,0.00343579464992192,0.198787499873932,0.00276168273353473,0.0355345993731579,0.150089708066219,0.688435088636337,0,0.025358082024243,0.0809780722246601,0.000706604981568873,0,0.00281572458594477,0.0158486980624491
"03BR013",0.592961950186962,0.0118467826707024,0.238714276102607,0.0341357949944199,0.0806918952318597,0.122717061834431,0.635749678630288,0,0.0566772337050149,0.0544648713398303,0.000158149065321482,0,0.00560600023757899,0.0424909738368073
"21BR001",0.591646721351924,0.0200445123105915,0.0471510122090942,0.051839071331198,0.401732041382963,0.0159633910483739,0.394186876305101,0.00317041599192011,0.0131320116023968,0.0680048605477496,0.000126771645536919,0,0.00768193833078338,0.0763293683794393
"05BR042",0.665242812883716,0.0105746712221788,0.111592071753656,0.00562925994038214,0.0888391832179237,0.0678029580915612,0.621648754035802,0.0308036788141054,0.0241727529581899,0.0821588915655707,0,3.66375060587505e-09,9.11824474749294e-09,0.0823322491072452
"05BR043",0.584729638985228,0.0237787528221556,0.150773786285983,0.0117669702931534,0.0592270368680085,0.103800003343801,0.572508157724263,0,0.0300799511090226,0.152551201209077,0,6.10542264448248e-09,8.32493602026976e-09,0.0765757782572298
"01BR032",0.891288122327441,0,0.0494511371311569,0.000496269726747311,0,0.0144392709265466,0.75465795863146,0,0.0342935555533398,0.0134030610408691,0.101846613059657,0,0.0813595407881281,0
"11BR036",0.878437134446714,0,0.0584310704244636,0.000569130872466457,1.82385742302705e-09,0.0289589341062388,0.876998354734665,0,0.0584834432374281,0.0326092283635127,5.98820567777408e-09,5.4443477963463e-08,7.46271621837227e-05,0.00287535014043092
"01BR001",0.795434713144547,0.00245545715119376,0.0383056084691163,0.00649121533429937,0.0263302085563826,0.0237143894508976,0.886625451208335,0,0.017817736156197,0.0242107167652947,0,0,0.00784947283988408,0.0134520238682605
"11BR074",0.584672632497226,0.00985765404182574,0.52078550151898,0.00330645830764826,0.0477496695336505,0.297981516140937,0.536694386000121,0,0.061093003722019,0.0462166032450369,0,5.03260791766213e-09,4.34953590415153e-09,0.00830144910664406
"03BR006",0.743940896732707,0.00570429502764553,0.0438146469511382,0.00348170161758939,0.0720866696261226,0.053095321377042,0.715561299161445,0,0.0396659815270855,0.0571919758720763,0,0,0.00312851415634575,0.0433923453424679
"11BR023",0.543620051524621,0.0364395388030376,0.107074643634158,0.0179705349938027,0.122675804534791,0.0690013394759651,0.496405947029773,0,0.0244209829723914,0.157976731584729,1.05740243450941e-08,5.33646043178577e-08,2.53157578663232e-08,0.125966854878466
"11BR069",0.718719219844887,0.0190704911614473,0.0601227037543439,0.0280041396828574,0.181137119889448,0.0348422053179003,0.682787612745159,0.0077297288738768,0.0228448429493357,0.013842386762257,0.00840935873889012,3.97094509735773e-05,0.000378866399799011,0.0417684394961511
"01BR017",0.518125198656137,0.0165213057991922,0.192535525804115,0.0163350716615562,0.189173747700285,0.0667398606309988,0.599597071418516,0,0.0162693384071177,0.0776563805091963,0.00680351399079509,3.40484203093161e-07,1.17878510398631e-07,0.0399396229454295
"22BR005",0.63326480278951,0.00799999483098045,0.064879459113506,0.00658070622764343,0.0348090940675212,0.0712146757855927,0.753985398262864,0,0.0450565228178423,0.0516691113171753,0.00131221379538581,0,0.000842046373287112,0.0411109375803323
"01BR027",0.786068507461306,0.00701758322836455,0.034252468956384,0.00735452276541603,0.0998074631155202,0.0399948024455623,0.747225846831397,0,0.0137577259871383,0.0703195577907873,0,0,0.00125128645227011,0.0239001253768676
"18BR010",0.606217128038385,0.00235745494897918,0.346898695118885,0.00134969653960493,0.0128379435210385,0.254585756973193,0.547042226383086,0,0.0433773759373508,0.124701298770525,0,2.28796092900765e-07,0.000852283943491324,0.015752527319665
"05BR045",0.748161566667482,0.01277462018307,0.0843927037896976,0.00285218437694469,0.00663885661033504,0.0706620291629263,0.668485410613117,0.000882986677542378,0.0443608754005872,0.0440800713797296,0.00360715988060625,6.71537986795048e-08,0.000556035251035522,0.149711479170735
"11BR058",0.505727426298129,0.00861911646585204,0.590726633614953,0.000488441124695802,0.0135104306182964,0.315758250591168,0.420947205369568,0,0.0472533401093884,0.161660631225039,0,0,0.00970610252418098,0.0311639487142139
"01BR009",0.544990228328124,0.00676262726077069,0.135513876881445,0.0392973560812111,0.41147443970782,0.073368443728968,0.341970063580001,0.00339935441135032,0.0431090446921414,0.056582252404053,0.00826581538372289,1.25555105784646e-08,0.0270495309213348,0.0286162116569659
"18BR019",0.713744230371879,0.0152505971603371,0.11152349876092,0.00396873439428793,0.0277103100816038,0.120581148103914,0.695776528073263,0,0.0669117858951685,0.0412553072257444,0.0262879172728627,1.04165195997647e-09,0.000963070066034138,0.0196116381553532
"01BR026",0.357565688241814,0.0162755873854638,0.626609203564276,0.0104376623149867,0.0294384431122863,0.30926988475737,0.326576068660631,0,0.0785005715959622,0.149482240526036,0.00167791637972191,0,0.00139555927759226,0.0966205104755815
"11BR028",0.71062276708398,0.00353607621618019,0.165871147429873,0.00269903675916629,0.0111778754456199,0.082384732512727,0.817180096703461,0,0.0233900888975114,0.0503363892549892,0,0,1.11303402174061e-08,0.0155308060553508
"05BR026",0.402140682879506,0.0232651514980375,0.3783973583827,0.00178662242061256,0.0480945204397176,0.243189416977623,0.43161633019555,0,0.0809496190306867,0.175192000511479,0,0,0,0.0197042180526778
"09BR005",0.756057091958305,0,0.403625313552651,1.34558410722826e-06,0,0.200542870437195,0.720031658865442,0,0.0207161254402001,0.0524423987473222,0.00101676592324292,0,0,0.00525018058659707
"11BR073",0.490894668831992,0.0352302629609581,0.0678779544967529,0.0626917455543777,0.231698893262971,0.0275736609725197,0.522281553853083,0.000532804969993735,0.0154691965963162,0.0651895574308545,0,0,0,0.110363633125303
"05BR016",0.789518016009711,0.00218260263058289,0.0801274786315819,0.00140157123286131,0.00184447233900105,0.0606427523297712,0.884644116619323,1.17125154456903e-06,0.0274846851574431,0.0253730464913163,6.63466019654904e-06,0,1.73025895866567e-07,1.66747611575391e-06
"18BR007",0.587400049984003,0.0185224901370178,0.159565283117565,0.0113290003953534,0.0667474475351016,0.138547793528315,0.653753677714594,0,0.0347002900904764,0.0769919559791954,0,2.97494844135469e-09,4.67034961527036e-09,0.0283750443371895
"05BR029",0.773859256029731,0.0124660319530334,0.0157587948838047,1.41189421085294e-07,0.00248778109599242,0.0204879628619687,0.660221899581341,0.0112592687830152,0.011088172994683,0.0175328812637816,0.186907617129165,0.00211180780139763,2.19120921402549e-08,0.0576420557053851
"01BR030",0.489777669959365,0.0376777584933309,0.056645906080165,0.0805491486379903,0.504148520423053,0.0138683290298851,0.344413069388613,0.00388056058901753,0.0176314869235063,0.0500167515510703,0,0,0,0.0580998886011475
"09BR001",0.769175945679485,0.001030875519868,0.042152717473206,0.000325031903807553,3.07462349408297e-06,0.102503756028069,0.831120499928064,0.00240519286747022,0.0105296205457454,0.0528360105289756,0.000601838490000857,0,6.98818231793471e-09,0
"11BR056",0.520355410077585,0.0268022038583906,0.427101093474913,0.0373264432550544,0.234344110594988,0.170785935890997,0.437160342420449,0,0.0235495748360134,0.0568684955084149,0.000264925300836288,0,0,0.0689953107521505
"01BR031",0.639776842547193,0.00231673832523563,0.219043224034497,0.00237867553539206,0.032892972242482,0.139743381556565,0.640371626437471,0,0.0477347326272618,0.104973813825773,0.00431429581808314,0,0.0132054913114911,0.0109443365756533
"11BR015",0.860650622895639,0.000106300796357325,0.0446424697344874,0.00165958422857111,0.000870638186320884,0.041619303665158,0.859960900532775,0.00188234468125994,0.0431687925450131,0.0455577054458424,0,0,0.00694031494363117,0
"14BR005",0.786491569285397,0.00248762761220538,0.0556826569671421,0.00201578439817959,0.00293863787159148,0.0372179793950139,0.84958510068689,0,0.033668174238057,0.0751270115211461,0,2.0933583765123e-08,0,5.6427910468361e-05
"11BR017",0.608300426479544,0.0140098008855671,0.203852176715431,0.0518912657663093,0.315295590052668,0.0749914477211945,0.4878574452893,0.00446892499426441,0.0035258746265982,0.0441398789931537,0.002298734396301,4.39389246543634e-08,3.04360970123741e-07,0.0615506462099689
"14BR014",0.682361099454023,0.00732110503364569,0.19826482845691,0.0138715598447164,0.112729976938151,0.14806562312392,0.627328131069492,0.000331958115599012,0.0490737166374571,0.0512607200390884,0.00218049807932133,1.98910295033283e-08,0,0.00577954211044434
"06BR005",0.647817596270691,0.0043892140820072,0.262420194012664,0.00220663788526328,0.0155485774759974,0.123763677184607,0.671611559737455,0,0.0522510589012325,0.0769192893133736,0.000716472000901113,0.000633134924466984,0.00315762736809053,0.054924789809548
"01BR010",0.727446998460328,0.00014562925577301,0.28894152899757,0.000802345017677291,0.028804235807338,0.322168102169074,0.568980367200135,0,0.0230529133134641,0.0346840658483081,0.000450948799881321,1.11267215747747e-06,1.44282077902382e-06,0.0217149831802699
"11BR024",0.591473307514306,0.0979102450370967,0.0643644900159574,0.0278740104578958,0.293882061670333,0.0256355404563962,0.408166511397629,0,0.0421729523370193,0.0901827053956017,0.00767729856652036,3.97225712711325e-07,5.64365050976832e-08,0.110337224953861
"11BR053",0.815129548092807,0.00090894351624891,0.179016466744597,0.00270137537269302,0.0118519066871975,0.0958182792120146,0.816210043695617,0,0.023549804464438,0.0498580781537291,0.00154194727228944,0,1.72329303586488e-10,0.000936020828868421
"11BR075",0.651364508963079,0.0103101840399552,0.160068636826546,0.00355850363689818,0.0230189053590651,0.135500821923997,0.676657450420906,0,0.050538202926279,0.11383640042781,0,0,1.05225499496853e-08,0
"03BR012",0.861554895794703,3.19328578607356e-05,0.0527505298983251,0.0109303285551441,0.0315675052216251,0.10950345989993,0.759258936801609,0,0.0552343891933975,0.00806401791546102,0,8.86902869767761e-05,0.0337832143699126,0.00249978631108905
"11BR003",0.484800148594111,0.0981879546294534,0.0673455974316476,0.0533972294952498,0.299060769923053,0.0227909287732994,0.408581249583569,0.00352103033539377,0.0163275108450288,0.0797820722024957,0.00277836794194963,1.04808471808808e-07,1.51769703208052e-07,0.145233454354118
"11BR080",0.518737817193134,0.0376147514766586,0.0865731549738533,0.0151321273330003,0.192285805967022,0.0583126320918197,0.430719153747185,6.46592841823107e-09,0.0532805905295251,0.165475706353432,7.77493729441477e-09,5.56069021711158e-08,2.95202100409853e-08,0.0878928646669654
"11BR049",0.630409384135697,0.0308347414615368,0.226042822238109,0.00885459133501121,0.132784681208804,0.157036650353487,0.542023822161477,0,0.0239346071443314,0.0752843007674955,0.0293241480547135,0.00356784365944662,4.38124325560826e-08,0.0333336193254567
"01BR040",0.515949452961181,0.0216896587948654,0.0525665960961726,0.0461157515219423,0.434589993010529,0.01644744331244,0.316241155310683,0.00425777579561416,0.0134581375905514,0.113154919704514,0,3.33638594277845e-05,0,0.0812845078779505
"11BR018",0.430369534935642,0.0340808325615711,0.279204406721743,0.025457045365773,0.130409681566939,0.227566800936224,0.385811405433503,0.00210233441501191,0.0702022861487694,0.0687974708292413,0.001112246081924,1.55790683136382e-07,0,0.111734010770595
"13BR009",0.772248961151691,0.00180837168962953,0.216723479097376,0.000127960014153163,0,0.126787091688631,0.811085410790664,7.2847462261416e-05,0.0183477528369542,0.0270378318207876,0.00116247514206327,0,1.77813907448495e-09,0.0146648312067358
"03BR005",0.565253045269088,0.00589816478103827,0.219965241087906,0.00288975123948309,0.0210919187139677,0.211978481195551,0.55765155530839,0,0.141652799376351,0.0323067827176871,0.00023600485216806,0,0.0245294367239821,0.00964106978668344
"11BR032",0.534780395816995,0.0167770366999399,0.418765299560824,0.00746436998850084,0.115181139954389,0.20124777132294,0.316850745424545,0,0.105269410866177,0.00212834707511027,0.183966844361776,3.44940288873064e-08,0.024330466980427,0.0494374088014948
"06BR003",0.600453047677334,0.00804047993467335,0.191022625600303,0.0447144189422506,0.204231903980803,0.073650074447061,0.636803832736838,0.00194309024262919,0.0165731247745717,0.0481082767544243,5.06972787349127e-05,0,0,0.0113190082030501
"11BR006",0.62145390924408,0,0.165151167233521,0.0051011454180808,0.0361723715869939,0.102272926255273,0.640789297679545,0,0.0704894348695198,0.137229792836173,1.50387759352378e-09,0,0.013045517282294,6.57986323826399e-07
"01BR008",0.494578164981396,0.0313782444850762,0.0274285557640873,0.128170277783217,0.384901883217093,0.0189966470822614,0.393657727419526,0.00301452045273387,0.00944989073728545,0.0642794161327272,0,0.000620245111275673,0.000572152490842725,0.101588088033365
"21BR002",0.504113654121123,0.0110946288456475,0.248060021619678,0.000395314954607918,0.0115280541832115,0.174482802852468,0.542021542873361,1.0444489355773e-07,0.0298290441663555,0.194782244796804,0,2.13732978174342e-09,0.000669777796138755,0.04668625239998
"11BR043",0.492026812924534,0.0413702029154909,0.139531290785793,0.0201047562259388,0.0778367723617038,0.0618103757481512,0.59520477785951,0.000140801207549174,0.0282390793373285,0.098814356106868,0,4.80878157853257e-09,6.90344561493792e-09,0.134877744905895
"11BR009",0.764692959054922,0.01519996830469,0.0226341902063275,0.0121153663037086,0.136616989707397,0.0153911252941044,0.696176524528723,0,0.0314420906724394,0.0591273160521715,0.000228147387573193,1.36536843471486e-08,0.00413164890232606,0.0565992520213851
"01BR033",0.522243868602095,0.00814132756645567,0.176831460306869,0.0164504377496978,0.177436137265443,0.0654901758470319,0.634944018171542,0,0.055593851747737,0.0435960928658955,0,1.01649387263602e-08,0.00379385191269032,0.0169366415914338
"20BR007",0.559693803042344,0.00952934155269634,0.147546060435278,0.0173275263408236,0.330386535456925,0.0525442464644049,0.501613437749694,0.0047250809080502,0.0127176917288354,0,0.0354388912108964,0,0.0250366809725452,0.0304118709941736
"20BR001",0.68434598243136,1.82094622165435e-05,0.0177217106327138,0.00250841315185277,0.0430433742461713,0.0320906686158233,0.74585137344245,0,0.0233065025548498,0.123141838472773,0,8.27729542146772e-09,0.0104875116175947,0.0217964540572062
"05BR031",0.438378430349234,0.0100206120360418,0.645060281872847,0.00163339437894033,0.0703400335014981,0.313497943014775,0.432068414961009,0,0.0438732599636449,0.12402564165588,0.00318958489208709,0,0,0.0128482309350583
"01BR018",0.49825088294475,0.0382462250114133,0.179717623452938,0.0271962140700727,0.202170712541535,0.0924482820782721,0.478272618705984,0.00592163617732673,0.0304670864104697,0.0550531177855654,0.02157769279616,0,0,0.0890565165758988
"01BR015",0.626226351170077,0.0096485040419022,0.241177489694221,0.00486737577853183,0.0234993175263371,0.112498960588056,0.745244717567573,0,0.0389974310519512,0.0676856387405492,0,0,3.45762988524568e-09,0.0112634420292198
"06BR006",0.487511007715045,0.00601997109368557,0.374702936455894,0.0167459914541089,0.0822927974602943,0.150404402699568,0.634745052714841,0,0.0759103957437615,0.029396511730687,0,5.86320484428953e-09,0,0.0271041114558205
"18BR017",0.566858757812797,0.00610097180127789,0.294352787189039,0.0132326965409001,0.052052422761179,0.187448104987123,0.602826240047999,0,0.0492259918191338,0.0923524092252599,0,2.69009560541065e-09,3.79585649106752e-09,0.0146721425287564
"06BR014",0.79062920041469,0.00133336929130633,0.152177297288626,0.00171552615184144,0.00287320933388858,0.0951509452696757,0.800540702939414,0,0.0223635164445917,0.0456994386581932,0.0263368533835449,1.13072871424574e-08,4.33890664232379e-08,0.00703527927433867
"21BR010",0.654970102687677,0,0.259152039725472,0.000593180661940981,0.000510249742958195,0.109696848621059,0.76838506160738,0,0.0523741302814429,0.0638506230575745,0.00334115461071137,0,0.00184192928971569,0
"05BR003",0.576223372837378,0.0205633043652359,0.315070021196648,0.00307098615684975,0.0545444198684585,0.222751292235131,0.489297897626286,0,0.106740576896431,0.0867723384485887,0,0,0,0.0389241861521063
"18BR016",0.677061789592552,0.00137331683651217,0.59999980630659,1.22256495995277e-05,0.000832231946234946,0.229322704679453,0.67552016059057,4.66661529807098e-09,0.0411790558290505,0.0531458327493001,0,0,0,4.83415273265346e-09
"20BR006",0.761916281986376,0.000581976887813124,0.0342913987973415,0.000917110184884279,0.00281394897807379,0.0329329212843255,0.853756004440254,0.00426605279259078,0.0531087904331628,0.042331322628429,0.000421802813178891,0,0.0002898777332156,0.00983424410728271
"01BR020",0.594850614293601,0.0128551549431492,0.137650180550672,0.0143711453256611,0.170169179884689,0.0558890092714499,0.597387306535586,0.0046796674387706,0.0207748487845128,0.0704568764936896,0.000352613519093174,3.33783327107586e-07,0,0.0718941762886453
"11BR031",0.54552932070272,0.0193841755437287,0.474275309150496,0.00800606696414882,0.0968049562138181,0.169925530646624,0.573690893612064,0,0.0290036872750434,0.076347487389196,2.74214099772019e-08,6.95264854744259e-08,3.95427353609846e-09,0.0512772766601529
"11BR027",0.68298069774814,0.00871606834714276,0.0490244106590339,0.00358142735806039,0.0408133881463601,0.0615395972990507,0.706648408921395,0,0.0372906045020612,0.129314062169352,0,2.16580571953749e-09,0.0100098719183048,0.0133291824034892
"11BR020",0.553059999579334,0.0245513767261041,0.234227118592952,0.022030487053183,0.144002652502256,0.143422262753581,0.493149132563606,0,0.0356122358808478,0.0655141914345942,0.00203475252055554,0.000406824503899378,0,0.115543841215085
"15BR003",0.546387478309221,0.017497164293908,0.230965929771897,0.0285017579907396,0.0904427388863825,0.154846727823714,0.596732026353011,0,0.0345676742994261,0.0629456743902194,0.000654383625657369,3.21928779168404e-07,1.15835129322754e-07,0.0591877552903569
"18BR003",0.61453990663875,0.0585722740475005,0.0829713831937737,0.02519349357534,0.0626982603780765,0.0447964490412334,0.634112614181035,2.69914073521314e-07,0.0259840537466743,0.0791628659770905,0.00126404607372061,1.77618071784939e-09,0.000190882592100714,0.151790003090045
"11BR010",0.576392541930685,0.0170522868590057,0.379371917029277,0.00368208336450044,0.0386521846912034,0.224115836342233,0.572025498562261,0,0.0263136164060302,0.0693055151179036,0,0,0.000741587147209203,0.0688456499038809
"11BR055",0.564418932903899,0.00719909985464824,0.514073221843004,2.18557469002733e-07,0.0103856286942956,0.288408878561594,0.541743602070316,0,0.0446578276021421,0.105358720403246,0,1.36220471785142e-09,0.000903276491121697,0.00795575253314025
"03BR004",0.697332936519351,0,0.256732601312885,0.00137228913980428,0.000106568435111464,0.186827461016914,0.739637606234131,0,0.0391301467492894,0.034298217564554,0,0,0,0
"11BR030",0.42793442848364,0.0883306786037199,0.153661628836109,0.037258416577896,0.217939080032495,0.0697678500022195,0.432781309586364,0,0.0150310693760495,0.0464833589154988,0.021112997388038,2.45630993973726e-07,1.36967248365709e-07,0.17697043059785
"05BR004",0.694494168588345,0.0107093185492964,0.208798647865384,5.08837676622166e-05,0.0196305171294956,0.15718501131683,0.695188917685087,1.42901453858266e-07,0.0535425696620803,0.0309298763736119,0,6.85386028226035e-10,1.78715205753601e-09,0.0433483676706087
"05BR009",0.485495196438128,0.00815503651900206,0.975306687537821,3.12972168020715e-07,0.0198322485760893,0.338272121531111,0.342293542451559,2.72823800049672e-05,0.146895852619352,0.078463292505392,0.000640523145626251,0,0.0392390259488266,0.0335667023619483
"03BR010",0.811768583913652,0.00383777355097172,0.0492962865482897,0.00653423150483597,0.017154638047571,0.0302555249859411,0.898175313854839,0,0.0180473437460918,0.0272504261537324,0,0,0,0.00911675321182487
"05BR038",0.66536658592581,0.00363585212609629,0.470524015617378,0.00343307526651132,0.0351175335211056,0.221176644767125,0.602468314245673,0,0.0442571190583004,0.0809418499298922,0,3.78638190822898e-09,8.45085689121225e-09,0.0150367127279627
"11BR038",0.489891683839507,0.00740304096239967,0.237152613762718,0.0618323061922062,0.219146011317982,0.0921862113437712,0.456906470635739,1.30972185160234e-07,0.0502147880279943,0.108027470530407,0.00108102296802727,2.91040341080686e-07,1.24644052559832e-07,0.0676653481061256
"03BR002",0.71664237621046,0.001346418396364,0.286458723230971,0.00143985055396351,0.015693156243262,0.157855793493843,0.748776585628513,0,0.0431141693121393,0.0339238845087763,0.000636369610185368,0,4.12032810491601e-08,0
"11BR054",0.862834192175313,0.0038496263153192,0.0290689343613703,0.00187945736343024,0,0.0121685170140444,0.667243968141503,0,0.0545887288101777,0.0172193163798675,0.0750346858454154,0,0.16327008573653,0.0104746980724624
"11BR040",0.719677903246959,0.00955040517824976,0.164640548227943,0.00286738192553493,0.0327461039897586,0.0905300042256648,0.758774701660769,0,0.0525780355274846,0.0573072251701136,0,0,0.00187778658407128,0.00597141811049698
"05BR001",0.330729997339156,0.0290574479493316,0.208811055553109,0.0171042393365622,0.165287550440502,0.0991900720411982,0.423145433513047,0,0.0321483858771593,0.146451419046535,0.00159688824950827,7.15574176042278e-07,0,0.119139591003236
"11BR051",0.623044246687607,0.00482893951230091,0.154325088598523,0.0032243350011452,0.0170697090180354,0.16927457604022,0.63587920169783,0,0.0334808748274879,0.110247892321363,0.000838402444203317,0,0.0197051686069152,0.0130659005656566
"11BR072",0.621433273658117,0.0184087801216496,0.229914469979593,0.00291928181151051,0.0266231882446719,0.136684064134549,0.661219947372663,0,0.0470914038364621,0.0931147533785804,0.000263664372326713,0,0.00773806482418597,0.027142486230917
"18BR009",0.437991530430554,0.0339968240028135,0.184873161946711,0.0558949403577564,0.16010090724676,0.156796936104321,0.439230133708569,0,0.0609129059582744,0.0767950711097763,0,9.59638493108291e-08,0,0.103083994579361
"14BR008",0.552337671530109,0.0159964195691439,0.505878946589765,0.00505695174581409,0.0538724675951635,0.297091857937922,0.491886999648696,0,0.10048314784055,0.0565168760709893,8.44575317670174e-09,1.57909972762228e-08,2.74386684386125e-08,4.86244700853697e-07
"05BR005",0.656868895299436,0,0.487323653956536,2.66606790920304e-06,0.000183401121869591,0.327989850565427,0.548776223149312,0,0.045251026449433,0.0766999177139072,0.000980192121350678,4.227886160958e-11,3.22038614411236e-08,0
"01BR025",0.779834154938153,0.000623747234395796,0.0510330434617154,0.00291528140061884,0.0268583789386627,0.0265348811600586,0.85019143325617,0,0.0274941374030858,0.0465638717836337,0,0,0.011332878499551,0.0110244189588383
"09BR007",0.607280319639298,0.0158101756918439,0.193486011494779,0.017117669300731,0.0938348610126478,0.108483690226768,0.68916862404921,0,0.0177003918430907,0.0726759114329917,0,7.59177547892566e-05,0,0.0150125515356272
"16BR012",0.696449985413597,0.00668435620343414,0.467151322320815,0.00366873970153479,0.0221096321618696,0.232974952401181,0.657198536078662,8.67174104766733e-07,0.0248988878428327,0.0605346890828317,0,2.52705030546981e-09,6.2037051094854e-09,0.00121703755116754
"11BR044",0.665745046894679,0.018399852742548,0.124049027667301,0.0222724801307657,0.21220777805476,0.0953618124300441,0.541846694288479,0,0.0192745178268071,0.0655455444260833,0.00262974558649506,3.39135748380462e-08,1.89523074163917e-08,0.0625876286342661
"05BR044",0.712020291165512,0.00616280642634996,0.091361474808789,0.00324515346888187,0.0399173770726776,0.140979345555785,0.724049560311429,0,0.0112565099501467,0.0544073017668281,1.40049103727956e-06,0,2.86170514673597e-08,0.0293884762350452
"20BR008",0.593500820328058,0,0.227748788301971,0.000562995313241807,0.00709086814508203,0.231438252720283,0.663663505965405,0,0.0363712383475329,0.0566271206153522,0.00480901420634413,0,0,0
"01BR023",0.952930856740376,0,0.00767037108438522,0.00216656785042885,0.000184735596786386,0.0107776103531291,0.944605895756846,0,0.0346198412126124,0.0098117980518345,0,0,1.1902879238365e-07,0
"11BR047",0.689548309360657,0.00824577951985543,0.345549863510914,0.000740774992563926,0.0228780139459711,0.200784060575404,0.685857620509224,2.53419379906826e-07,0.0292948120597497,0.0569181665154553,0,0,1.15868149727078e-08,0.00231105172050288
"09BR004",0.935559170101791,0,0.0377086447431019,0.00441324291094089,0.0469502479045406,0.0259790441194211,0.81390046795637,0,0.0732268948263504,0.00683785927542906,0,0,0.0310738057385575,0.000171025901684023
"11BR025",0.879192584461435,0.000516685486753066,0.0590304255666107,0.00191499800280365,0,0.0410533765374747,0.89943250226334,0,0.0201911356824042,0.0317359273181242,0.00157406095887875,0,0,0.0054253330943689
"11BR019",0.657448249565378,0.00973263685306263,0.0224683877894972,0.0737259344461186,0.262734469687228,0.0188755376970903,0.595203222726616,0.00462837110876232,0.0117715586408998,0.0524830609689849,0,2.8261986954549e-07,3.97431201037383e-05,0.0461623369082161
"20BR002",0.679132321121401,0,0.146023813926661,0.000674175621971247,0.00922624445246568,0.135546572686593,0.691828132585771,0,0.037693293653196,0.0934447458166534,0.00586015199379903,0,0.0262914838791982,0
"01BR043",0.618386848891575,0.0698982577806067,0.0494163456054597,0.0160617712689758,0.141880637977435,0.0290050204368547,0.441497958017306,0.0371004514647352,0.0388588683019676,0.131398359875196,0.000353412120930024,0,0,0.147116996395272
"11BR060",0.561381194384898,0.00851984172068108,0.367290451515636,0.00333566711978306,0.0831984603026118,0.19695678387735,0.635959703414144,0,0.00937697168913394,0.0497638509034223,0,4.05186370457754e-09,1.3918552974933e-08,0.0247442118429206
"11BR012",0.715934668988811,0.0153502464151184,0.0849168181065083,0.00902291780796534,0.0975956209811016,0.0493119835895508,0.731418957935084,0,0.0272318118435314,0.0542246955101754,0,5.61713414913701e-08,0.00393634379306817,0.0361744854092785
"11BR042",0.666075440716723,0.00302410881879585,0.174572839435085,0.0124181767835101,0.11341618619427,0.148207618780898,0.631662855371088,0,0.0173174057810098,0.0631841301662651,7.25707263686533e-07,1.42510348292747e-06,0.00285392685806966,0.0159756673235626
"22BR006",0.64315140235511,0.00571089283660414,0.173821046598006,0.0157945778187423,0.127492323565394,0.117747530024148,0.623025246053447,0,0.053603358682525,0.0395521765843537,0.000540149538520313,0.000534164800533357,0,0.0357319665311246
"11BR016",0.689515634449218,0.0129922169292432,0.0367079868093391,0.0108108961152659,0.195180905516976,0.0375962264095535,0.592442311738673,0.000267891189578585,0.029437487570062,0.0467623344397518,0.00981141853657222,0,0,0.0762134653879635
"18BR004",0.835643763627974,0.00224002914408734,0.051993015452744,0.000975944244246768,0.000409980936000216,0.0431135009903114,0.887430142561196,0,0.0253551037532207,0.0295624859297257,5.32784118677265e-05,0,0.0140755074176783,0
"11BR011",0.49282399839813,0.033475189491784,0.15653605473122,0.0555143846550467,0.430816102989062,0.0625165910931395,0.382780889654191,0.00353315392172347,0.0461142965172191,0.0418628850263361,0.00287652804150182,0,0,0.0212782904399392
"18BR006",0.534703765269303,0.0070092103612431,0.357714961146798,0.00497711797002805,0.0386494860597918,0.187037298813782,0.544111866735525,0,0.0412859289184061,0.15809909776181,0,0,5.29002326680049e-09,0.0307759186907267
"11BR050",0.471189911449568,0.020274340640411,0.233547361819113,0.0105421076042784,0.0778446835955317,0.240652288053962,0.440467226143201,0,0.0963242435279162,0.10987360329236,0,1.21565954129479e-08,0,0.0312913505326333
"11BR022",0.666687615109879,0.00537385865124895,0.220521326842143,0.00758329914263629,0.124152444245768,0.118188190619188,0.686202579328821,0,0.0187779994617934,0.0416182947672996,0.000645515232193562,8.12032238460385e-08,0,0.00720120350682079
"11BR014",0.488993466089186,0.0167835463226486,0.885688959092317,0.00282599943287396,0.029471995162144,0.403937905901738,0.400105935891868,0,0.0323507170573336,0.0901169651637018,0,1.31193767062223e-09,4.60835403239407e-09,0.0438324339237709
"11BR004",0.478070576102669,0.0428802448592309,0.130107135503801,0.0136222234749273,0.176420447527706,0.0955578978002976,0.466235296693097,0,0.0262712755886128,0.110361251210578,0.00598112562224913,0.000604738472596257,1.36233984854338e-07,0.104527581750656
"11BR013",0.778805784179888,0.00658134186178441,0.0583572987912402,0.00238291422919431,0.0242670310149438,0.0711824867331364,0.795578851170629,0,0.0513306114228054,0.0507040365001501,0,0,0.00688317024300493,0
"11BR059",0.667897510517186,0.0079865834438564,0.116385814201199,0.012728025639912,0.141980153403783,0.0854844616567784,0.63407960006084,0,0.0332102293115053,0.015653981720222,0.0432848176135489,0.00432532902540269,0.013343621370559,0.0245151274332058
"18BR002",0.392778737754077,0.0265206459317151,0.449039228906313,0.00117955818842137,0.0168183435369892,0.246205458113084,0.409857628325414,0,0.0387020424851581,0.198402629157186,0.00162774534888066,0,0.00348903039504755,0.0848971226382399
